unit_number,sensor_16__root_mean_square,sensor_10__variance,sensor_16__mean,sensor_5__standard_deviation,sensor_10__standard_deviation,op_setting_1__median,op_setting_1__absolute_maximum,op_setting_1__maximum,op_setting_1__minimum,sensor_12__minimum,sensor_12__standard_deviation,sensor_11__maximum,sensor_11__standard_deviation,op_setting_1__sum_values,sensor_10__root_mean_square,sensor_14__minimum,sensor_10__mean,sensor_9__minimum,sensor_9__standard_deviation,sensor_9__mean,sensor_13__maximum,sensor_15__minimum,sensor_15__standard_deviation,sensor_15__maximum,sensor_8__minimum,sensor_16__standard_deviation,sensor_16__variance,sensor_17__median,sensor_17__standard_deviation,sensor_17__maximum,target_RUL
1,0.03,4.930380657631324e-32,0.03,3.552713678800501e-15,2.220446049250313e-16,0.0,0.0067,0.0047,-0.0067,519.53,0.7472227641516882,48.33,0.267646292259797,-0.0363,1.3,8110.93,1.3000000000000005,9033.22,4.899045116709556,9048.265833333331,2388.35,8.3682,0.0340356243960257,8.5227,2388.0,1.0408340855860844e-17,1.0833355937178202e-34,393.0,1.4718127050983387,398.0,0
2,0.03,0.0,0.03,0.0,0.0,0.0,0.0076,0.0076,-0.0068,519.48,0.7979744887719835,48.27,0.2931597161774758,0.0145,1.3,8129.68,1.3,9044.62,12.470045431976212,9062.65243902439,2388.26,8.3428,0.0410559090087406,8.5377,2387.94,0.0,0.0,392.0,1.6444073590227537,398.0,0
3,0.0299999999999999,4.930380657631324e-32,0.03,0.0,2.220446049250313e-16,0.0001,0.0064,0.0058,-0.0064,519.53,0.5931239321393427,48.38,0.2417317725648769,0.0244999999999999,1.3,8130.42,1.3000000000000005,9047.08,35.098371744434445,9081.265865921789,2388.2,8.3682,0.0365175869443385,8.5363,2387.94,6.938893903907228e-18,4.814824860968091e-35,393.0,1.5663792315024223,399.0,0
4,0.03,4.930380657631324e-32,0.03,0.0,2.220446049250313e-16,0.0001,0.0059,0.0059,-0.0047,519.6,0.5287536958466362,48.21,0.2221339708865077,0.0283,1.2999999999999998,8125.32,1.3000000000000005,9045.33,36.47481158099361,9077.366825396826,2388.17,8.3683,0.0318620977561836,8.5462,2388.01,0.0,0.0,393.0,1.5986017517876572,399.0,0
5,0.03,4.930380657631324e-32,0.03,0.0,2.220446049250313e-16,0.0002,0.0063,0.0055,-0.0063,519.57,0.7518966698606706,48.27,0.2852085699259386,0.0367,1.3,8140.95,1.3000000000000005,9056.42,21.364209890222902,9083.948252788105,2388.23,8.3536,0.0385861053760072,8.541,2387.92,3.469446951953614e-18,1.2037062152420224e-35,392.0,1.7368195242884104,398.0,0
6,0.0299999999999999,4.930380657631324e-32,0.03,0.0,2.220446049250313e-16,-5e-05,0.0069,0.0044,-0.0069,518.98,0.5954248452814641,48.34,0.2196112854152912,0.0010999999999999,1.3,8102.82,1.3000000000000005,9021.73,4.828328218033081,9039.279414893615,2388.36,8.3731,0.0302463294382716,8.5358,2388.08,3.469446951953614e-18,1.2037062152420224e-35,394.0,1.314626341354619,397.0,0
7,0.03,4.930380657631324e-32,0.03,3.552713678800501e-15,2.220446049250313e-16,0.0002,0.0072,0.0068,-0.0072,519.06,0.7903292715560198,48.35,0.2733210714592561,0.0263,1.3,8139.94,1.3000000000000005,9054.44,4.739879584187022,9071.470463320464,2388.27,8.3575,0.0381461893965511,8.5627,2387.94,6.938893903907228e-18,4.814824860968091e-35,393.0,1.627448622613135,398.0,0
8,0.03,0.0,0.0299999999999999,1.7763568394002505e-15,0.0,0.0001,0.0057,0.0053,-0.0057,519.31,0.5661325365043901,48.37,0.2078667201197281,0.0011999999999999,1.3,8115.23,1.3,9034.65,4.152557410667452,9044.636133333335,2388.3,8.3967,0.0309212501472153,8.5639,2388.06,3.469446951953614e-18,1.2037062152420224e-35,394.0,1.225216534150415,397.0,0
9,0.03,4.930380657631324e-32,0.03,1.7763568394002505e-15,2.220446049250313e-16,-0.0003,0.006,0.005,-0.006,519.86,0.6124174857497605,48.11,0.2336156732012601,-0.065,1.3,8140.94,1.3000000000000005,9051.59,39.85676190743296,9093.465174129353,2388.56,8.3487,0.0347908371762874,8.5282,2387.94,6.938893903907228e-18,4.814824860968091e-35,392.0,1.6424391906212967,399.0,0
10,0.03,4.437342591868191e-31,0.03,0.0,6.661338147750939e-16,0.0001,0.0074,0.0063,-0.0074,519.22,0.7494512886043663,48.13,0.2767296580201559,-0.0133999999999999,1.3,8129.38,1.3000000000000007,9043.1,16.219153001151174,9066.586351351352,2388.25,8.3279,0.0382779520547455,8.5312,2387.96,6.938893903907228e-18,4.814824860968091e-35,392.0,1.6538403461620157,398.0,0
11,0.03,4.930380657631324e-32,0.03,3.552713678800501e-15,2.220446049250313e-16,-0.0001,0.0065,0.0065,-0.0059,519.94,0.6281199778682595,48.24,0.2557651782180069,-0.0723,1.3,8131.09,1.3000000000000005,9044.26,25.74512835520614,9073.026625,2388.18,8.3427,0.0361301551108396,8.5408,2387.95,1.3877787807814457e-17,1.9259299443872363e-34,393.0,1.5253414918196733,397.0,0
12,0.03,4.930380657631324e-32,0.03,1.7763568394002505e-15,2.220446049250313e-16,0.0002,0.0072,0.0072,-0.0049,519.01,0.6246544899653769,48.28,0.2155480341299843,0.032,1.2999999999999998,8118.74,1.3000000000000005,9033.93,4.326008579322702,9047.791647058824,2388.33,8.4005,0.0302441326117885,8.5654,2388.06,3.469446951953614e-18,1.2037062152420224e-35,394.0,1.3845914291246844,397.0,0
13,0.03,4.930380657631324e-32,0.03,0.0,2.220446049250313e-16,-0.0001,0.0064,0.0064,-0.006,519.76,0.515536296712655,48.34,0.193813827982414,-0.0033,1.2999999999999998,8129.46,1.3000000000000005,9045.6,25.08081425162292,9074.009815950922,2388.2,8.3731,0.0330415883209554,8.554,2388.03,3.469446951953614e-18,1.2037062152420224e-35,394.0,1.3687170186858908,397.0,0
14,0.03,4.930380657631324e-32,0.03,0.0,2.220446049250313e-16,0.0005499999999999,0.007,0.007,-0.0045,519.76,0.5222358715710331,48.32,0.2118036229420023,0.0921,1.3,8132.92,1.3000000000000005,9048.76,19.21818870421949,9073.367388888888,2388.23,8.3914,0.0286944848821916,8.5399,2388.01,3.469446951953614e-18,1.2037062152420224e-35,394.0,1.315845970197101,397.0,0
15,0.03,4.437342591868191e-31,0.03,0.0,6.661338147750939e-16,-0.0001,0.0064,0.0055,-0.0064,519.6,0.8049234858122162,48.3,0.2892342465754204,0.0002999999999999,1.3,8116.7,1.3000000000000007,9039.93,4.903723133678655,9056.207149758451,2388.33,8.3409,0.0396804904083936,8.5487,2387.94,6.938893903907228e-18,4.814824860968091e-35,392.0,1.483477266620145,398.0,0
16,0.03,4.930380657631324e-32,0.03,1.7763568394002505e-15,2.220446049250313e-16,0.0001,0.0074,0.0074,-0.0061,519.29,0.5865905694285284,48.28,0.178116704192122,0.0276,1.3,8126.58,1.3000000000000005,9048.75,4.556080826581155,9059.1404784689,2388.32,8.3989,0.0288093330430089,8.5595,2388.06,6.938893903907228e-18,4.814824860968091e-35,394.0,1.2057036524740816,397.0,0
17,0.03,0.0,0.03,0.0,0.0,-0.0003,0.0072,0.0051,-0.0072,519.26,0.6482731198844451,48.23,0.2440408522474002,-0.0558,1.2999999999999998,8137.4,1.3,9052.74,29.038632955379367,9084.516231884058,2388.21,8.3449,0.0352205674057608,8.5549,2387.94,0.0,0.0,393.0,1.6025637147980725,398.0,0
18,0.03,4.930380657631324e-32,0.03,1.7763568394002505e-15,2.220446049250313e-16,0.0002,0.0071,0.0071,-0.0053,519.44,0.5962014317925812,48.3,0.2376946256075957,0.0356,1.3,8136.89,1.3000000000000005,9051.44,39.58372797394887,9088.212307692307,2388.39,8.3509,0.0379216489944584,8.5429,2387.94,6.938893903907228e-18,4.814824860968091e-35,392.0,1.5765707340368311,398.0,0
19,0.03,0.0,0.0299999999999999,1.7763568394002505e-15,0.0,0.00025,0.0051,0.0051,-0.0049,519.22,0.6235402693918642,48.24,0.200948848798295,0.0467999999999999,1.3,8112.87,1.3,9035.58,4.071470723749587,9045.320443037974,2388.33,8.3976,0.0307615431741546,8.5381,2388.01,3.469446951953614e-18,1.2037062152420224e-35,394.0,1.2627335721944912,398.0,0
20,0.0299999999999999,4.930380657631324e-32,0.03,1.7763568394002505e-15,2.220446049250313e-16,-0.0001,0.0058,0.0057,-0.0058,519.28,0.5805605698627992,48.41,0.210430804612446,0.0453999999999999,1.3,8129.1,1.3000000000000005,9047.97,6.201714833256787,9061.914914529914,2388.29,8.3917,0.0277314391137364,8.5451,2388.03,1.0408340855860844e-17,1.0833355937178202e-34,394.0,1.3188244676519554,397.0,0
21,0.03,4.930380657631324e-32,0.03,1.7763568394002505e-15,2.220446049250313e-16,0.0001,0.0064,0.0064,-0.006,519.79,0.5243241891790951,48.25,0.1993442240400249,-0.0064999999999999,1.3,8118.42,1.3000000000000005,9037.63,29.585159410441285,9068.594307692309,2388.21,8.3731,0.0312968604290481,8.5325,2388.01,6.938893903907228e-18,4.814824860968091e-35,393.0,1.4219653778597037,399.0,0
22,0.0299999999999999,1.972152263052529e-31,0.03,1.7763568394002505e-15,4.440892098500626e-16,0.0001,0.0057,0.0057,-0.0049,519.29,0.544465674581032,48.35,0.1886111912183336,0.0054,1.3,8116.1,1.3000000000000005,9035.89,4.782548738285412,9047.49603960396,2388.31,8.4072,0.0284058505739353,8.5599,2388.06,6.938893903907228e-18,4.814824860968091e-35,394.0,1.2781100644043506,398.0,0
23,0.03,4.930380657631324e-32,0.03,1.7763568394002505e-15,2.220446049250313e-16,0.0003,0.0067,0.0051,-0.0067,519.22,0.5886744183856446,48.19,0.2133674438609911,0.0212,1.2999999999999998,8123.74,1.3000000000000005,9041.01,4.245581666501435,9053.305773809525,2388.36,8.3864,0.0312452715640389,8.5626,2388.03,6.938893903907228e-18,4.814824860968091e-35,394.0,1.3614697107327178,397.0,0
24,0.03,0.0,0.03,0.0,0.0,0.0,0.0067,0.0067,-0.0061,519.3,0.7051967179677193,48.28,0.2617143048111315,-0.0107,1.3,8116.55,1.3,9039.95,6.54839081589933,9059.898299319726,2388.3,8.3712,0.0372526364277755,8.5617,2387.96,3.469446951953614e-18,1.2037062152420224e-35,393.0,1.4184285211689087,398.0,0
25,0.03,1.972152263052529e-31,0.03,0.0,4.440892098500626e-16,0.0001,0.0084,0.006,-0.0084,519.65,0.4971551126652024,48.39,0.1939822648919935,0.0224,1.3,8120.11,1.3000000000000005,9036.28,26.11102591765764,9065.487304347826,2388.23,8.3837,0.0325288468779028,8.5494,2388.04,6.938893903907228e-18,4.814824860968091e-35,393.0,1.4456047720244325,398.0,0
26,0.03,1.972152263052529e-31,0.03,1.7763568394002505e-15,4.440892098500626e-16,0.0001,0.0065,0.0056,-0.0065,519.2,0.4879317182585957,48.2,0.1789199914044222,-0.0208,1.3,8119.6,1.3000000000000005,9035.69,28.250199018453053,9068.30512562814,2388.21,8.397,0.031536218462624,8.5494,2388.05,3.469446951953614e-18,1.2037062152420224e-35,394.0,1.3875535724945949,398.0,0
27,0.0299999999999999,0.0,0.03,0.0,0.0,-0.0003,0.0051,0.005,-0.0051,519.43,0.5805058269489075,48.26,0.211374373033439,-0.0399,1.3,8136.03,1.3,9053.27,20.31551627673377,9078.850576923076,2388.25,8.3907,0.0316523581293389,8.5521,2387.97,0.0,0.0,393.0,1.3982589907196037,398.0,0
28,0.0299999999999999,0.0,0.0299999999999999,0.0,0.0,0.0,0.0055,0.0053,-0.0055,519.31,0.7558160799692797,48.28,0.2897204631021576,0.023,1.2999999999999998,8136.66,1.3,9049.26,8.120450015349602,9068.700181818182,2388.25,8.3489,0.0413372751786074,8.5378,2387.94,3.469446951953614e-18,1.2037062152420224e-35,392.0,1.5954020250931291,397.0,0
29,0.03,4.930380657631324e-32,0.03,0.0,2.220446049250313e-16,-0.0001,0.0073,0.0073,-0.0057,518.95,0.6678777431083814,48.23,0.2468823711613673,-0.0015999999999999,1.2999999999999998,8121.38,1.3000000000000005,9042.66,5.245600422342839,9058.49036809816,2388.39,8.3858,0.033609235921207,8.5641,2387.98,3.469446951953614e-18,1.2037062152420224e-35,393.0,1.3807361472523476,397.0,0
30,0.03,4.930380657631324e-32,0.03,1.7763568394002505e-15,2.220446049250313e-16,-0.00015,0.0058,0.0058,-0.0052,519.22,0.8376018520624146,48.2,0.2804763988453903,-0.0226,1.3,8117.48,1.3000000000000005,9045.55,5.067786589076635,9059.974587628863,2388.31,8.3464,0.0398173525412821,8.5502,2387.91,6.938893903907228e-18,4.814824860968091e-35,392.0,1.4437407276814198,397.0,0
31,0.0299999999999999,4.930380657631324e-32,0.03,1.7763568394002505e-15,2.220446049250313e-16,0.0002,0.007,0.0057,-0.007,519.23,0.7926514677072954,48.32,0.2862941079367792,-0.0065,1.3,8116.96,1.3000000000000005,9042.46,4.868659492081543,9055.485512820513,2388.35,8.3587,0.0369085861878407,8.5313,2387.95,1.0408340855860844e-17,1.0833355937178202e-34,393.0,1.596804464705196,397.0,0
32,0.03,4.930380657631324e-32,0.03,1.7763568394002505e-15,2.220446049250313e-16,0.0001,0.0056,0.0056,-0.0056,519.65,0.5082961259134776,48.53,0.213781577732948,0.0089,1.2999999999999998,8122.23,1.3000000000000005,9042.23,11.667892840651076,9059.377068062828,2388.28,8.3846,0.0307569619709829,8.5494,2388.06,3.469446951953614e-18,1.2037062152420224e-35,394.0,1.336156017314908,398.0,0
33,0.03,4.930380657631324e-32,0.03,3.552713678800501e-15,2.220446049250313e-16,0.0002,0.0057,0.004,-0.0057,519.36,0.8548810677515325,48.28,0.2953551717847516,0.0157999999999999,1.3,8125.33,1.3000000000000005,9047.15,4.772735839117857,9060.7119,2388.32,8.3528,0.0424865901667808,8.5512,2387.92,1.0408340855860844e-17,1.0833355937178202e-34,392.0,1.524827859136893,398.0,0
34,0.03,4.930380657631324e-32,0.03,1.7763568394002505e-15,2.220446049250313e-16,0.0001,0.0057,0.0057,-0.0054,519.49,0.5243436998590305,48.35,0.211068886742434,0.0223,1.3,8132.44,1.3000000000000005,9049.74,27.238660221096914,9079.31035897436,2388.23,8.388,0.0293707860955599,8.5215,2388.0,6.938893903907228e-18,4.814824860968091e-35,393.0,1.4010046174793835,397.0,0
35,0.03,0.0,0.03,0.0,0.0,-0.0001,0.0074,0.0074,-0.0057,519.61,0.6349008532316419,48.2,0.2342145541444769,0.0051999999999999,1.3,8131.11,1.3,9048.11,12.127171535854044,9066.375856353592,2388.26,8.376,0.0342068774411161,8.5465,2388.0,0.0,0.0,393.0,1.4312911532079575,397.0,0
36,0.03,0.0,0.0299999999999999,1.7763568394002505e-15,0.0,0.0003,0.0083,0.0083,-0.006,519.38,0.6508843650431214,48.3,0.210579398098154,0.0291999999999999,1.3,8124.16,1.3,9048.87,4.098761243470065,9059.574493670889,2388.31,8.3889,0.0321671473857124,8.5334,2388.01,3.469446951953614e-18,1.2037062152420224e-35,394.0,1.3475663049819493,397.0,0
37,0.03,4.930380657631324e-32,0.03,1.7763568394002505e-15,2.220446049250313e-16,-0.0001,0.007,0.007,-0.0056,519.15,0.6705186651218683,48.4,0.2267658884534663,-0.0025,1.2999999999999998,8109.05,1.3000000000000005,9029.11,4.861754669218464,9043.918352941177,2388.37,8.3788,0.0326198106745411,8.5559,2388.04,3.469446951953614e-18,1.2037062152420224e-35,393.0,1.3494071490766746,397.0,0
38,0.03,4.930380657631324e-32,0.03,1.7763568394002505e-15,2.220446049250313e-16,0.0004,0.0072,0.0072,-0.0056,519.17,0.5226971392634505,48.52,0.1895576068121526,0.0221,1.3,8120.81,1.3000000000000005,9038.89,27.93260219067347,9068.34056701031,2388.23,8.376,0.0312415523367761,8.5574,2388.0,6.938893903907228e-18,4.814824860968091e-35,394.0,1.3211673051303503,398.0,0
39,0.03,4.930380657631324e-32,0.03,3.552713678800501e-15,2.220446049250313e-16,0.00015,0.0073,0.0064,-0.0073,518.83,0.6378376432375715,48.34,0.2175852360821789,0.0214,1.3,8105.83,1.3000000000000005,9027.44,5.134429958242103,9043.1240625,2388.34,8.3966,0.0317479466821126,8.5383,2388.05,1.3877787807814457e-17,1.9259299443872363e-34,394.0,1.2243212006429318,397.0,0
40,0.0299999999999999,4.930380657631324e-32,0.03,0.0,2.220446049250313e-16,0.0004,0.0074,0.0062,-0.0074,519.56,0.4725574394848722,48.2,0.1740192397120218,0.0221,1.3,8131.63,1.3000000000000005,9047.93,20.73377907788676,9073.667978723404,2388.25,8.402,0.0274714677439482,8.5442,2388.02,3.469446951953614e-18,1.2037062152420224e-35,394.0,1.377320668081771,398.0,0
41,0.03,4.930380657631324e-32,0.03,3.552713678800501e-15,2.220446049250313e-16,0.00015,0.0057,0.0057,-0.0045,519.6,0.6983283473480592,48.34,0.2601235222501928,0.0137,1.3,8139.22,1.3000000000000005,9055.66,23.28177699958673,9082.083472222224,2388.19,8.3621,0.0373644145328094,8.551,2387.93,1.0408340855860844e-17,1.0833355937178202e-34,393.0,1.6526156679498596,398.0,0
42,0.03,4.930380657631324e-32,0.03,0.0,2.220446049250313e-16,0.0,0.0067,0.0051,-0.0067,519.29,0.7114397091872298,48.14,0.2408162562694466,-0.0219,1.3,8132.37,1.3000000000000005,9051.05,4.5046008376757065,9062.8856122449,2388.29,8.3669,0.0367446063263083,8.5848,2387.93,3.469446951953614e-18,1.2037062152420224e-35,393.0,1.4067113929091644,398.0,0
43,0.03,4.437342591868191e-31,0.03,0.0,6.661338147750939e-16,-0.0001,0.0086,0.0048,-0.0086,519.37,0.7929698310060208,48.23,0.2694846381045365,-0.0132,1.3,8111.21,1.3000000000000007,9035.0,5.625649496706722,9052.06222222222,2388.33,8.3635,0.0385979837879343,8.5346,2387.96,6.938893903907228e-18,4.814824860968091e-35,392.0,1.5201202952898087,397.0,0
44,0.03,4.930380657631324e-32,0.03,3.552713678800501e-15,2.220446049250313e-16,0.0,0.0069,0.0061,-0.0069,519.62,0.6944415640131276,48.24,0.2631875709121518,0.0056,1.3,8141.2,1.3000000000000005,9058.88,6.138376631075251,9070.938541666668,2388.24,8.372,0.0372219122846108,8.532,2387.95,1.0408340855860844e-17,1.0833355937178202e-34,393.0,1.6318964236433635,398.0,0
45,0.03,0.0,0.0299999999999999,1.7763568394002505e-15,0.0,-0.0002,0.0072,0.0072,-0.0052,519.37,0.8154813733084911,48.35,0.2849138559348021,-0.0275,1.3,8143.72,1.3,9058.36,7.04744858096614,9076.769620253164,2388.25,8.3669,0.0390081719639764,8.5521,2387.92,3.469446951953614e-18,1.2037062152420224e-35,392.0,1.5822278472911135,397.0,0
46,0.03,4.930380657631324e-32,0.03,3.552713678800501e-15,2.220446049250313e-16,0.0001,0.007,0.0063,-0.007,519.37,0.7893111603474979,48.33,0.290827046702589,0.0034,1.3,8118.01,1.3000000000000005,9041.98,4.503069523148634,9058.235898437502,2388.32,8.3493,0.0379053735149595,8.5302,2387.96,1.3877787807814457e-17,1.9259299443872363e-34,392.0,1.4988958745601502,397.0,0
47,0.03,1.972152263052529e-31,0.03,0.0,4.440892098500626e-16,-0.00025,0.0081,0.0058,-0.0081,519.5,0.740497297569157,48.28,0.2791779988696156,0.0055999999999999,1.3,8140.33,1.3000000000000005,9054.8,11.73219075513354,9073.912663551402,2388.23,8.3603,0.0396980413505893,8.5473,2387.9,3.469446951953614e-18,1.2037062152420224e-35,392.0,1.627329320149968,397.0,0
48,0.03,1.972152263052529e-31,0.03,0.0,4.440892098500626e-16,0.0003,0.0063,0.0063,-0.0055,520.14,0.5634767197989338,48.12,0.2175416293218307,0.0493,1.3,8137.78,1.3000000000000005,9057.89,38.80485550167407,9093.182770562771,2388.55,8.3446,0.0333670323331767,8.5171,2387.95,6.938893903907228e-18,4.814824860968091e-35,392.0,1.5868266375880629,398.0,0
49,0.0299999999999999,1.972152263052529e-31,0.03,0.0,4.440892098500626e-16,-0.0001,0.0067,0.0067,-0.0054,519.02,0.598056368770661,48.31,0.2165916021457547,-0.0162,1.3,8118.11,1.3000000000000005,9032.99,6.9470785741967,9048.98706976744,2388.32,8.386,0.0346294519342357,8.5561,2388.04,6.938893903907228e-18,4.814824860968091e-35,393.0,1.3541195683174223,397.0,0
50,0.03,1.972152263052529e-31,0.03,0.0,4.440892098500626e-16,0.0,0.0062,0.0062,-0.0061,519.33,0.6669664251859084,48.24,0.2322169058402611,0.0267,1.3,8138.39,1.3000000000000005,9056.24,18.41224597729385,9077.10303030303,2388.25,8.3685,0.033891720019031,8.5352,2387.99,3.469446951953614e-18,1.2037062152420224e-35,393.0,1.4520180061467804,397.0,0
51,0.03,1.972152263052529e-31,0.03,0.0,4.440892098500626e-16,0.0001,0.0062,0.0056,-0.0062,520.2,0.5662005815888449,48.27,0.2262731861314155,-0.0081,1.3,8138.56,1.3000000000000005,9057.07,40.17217195361739,9094.553943661973,2388.54,8.3551,0.0343049437441467,8.5306,2387.95,3.469446951953614e-18,1.2037062152420224e-35,392.0,1.6097605042222758,398.0,0
52,0.03,1.972152263052529e-31,0.03,0.0,4.440892098500626e-16,0.0001,0.0054,0.0051,-0.0054,519.23,0.5740433892831205,48.29,0.2247097162279807,0.0166,1.3,8123.13,1.3000000000000005,9037.07,16.836069262148786,9060.797840375586,2388.23,8.3885,0.033146400439693,8.5502,2388.04,3.469446951953614e-18,1.2037062152420224e-35,393.0,1.4391643363715252,399.0,0
53,0.03,4.930380657631324e-32,0.03,1.7763568394002505e-15,2.220446049250313e-16,0.0001,0.0062,0.0062,-0.0056,519.68,0.574151207842897,48.18,0.2146323615501378,0.0419999999999999,1.3,8132.49,1.3000000000000005,9052.96,27.24152122657024,9081.583076923076,2388.2,8.3639,0.0341151110753253,8.5836,2388.0,6.938893903907228e-18,4.814824860968091e-35,393.0,1.4796982473981164,398.0,0
54,0.0299999999999999,0.0,0.03,1.7763568394002505e-15,0.0,-0.0003,0.0061,0.0055,-0.0061,519.57,0.6870229934279951,48.15,0.2576386444673125,-0.0560999999999999,1.3,8133.34,1.3,9053.22,23.501667762099657,9079.655214007782,2388.19,8.3653,0.0372552021475737,8.5432,2387.92,6.938893903907228e-18,4.814824860968091e-35,393.0,1.5989330118814002,398.0,0
55,0.03,4.930380657631324e-32,0.03,1.7763568394002505e-15,2.220446049250313e-16,0.0001,0.0059,0.0057,-0.0059,520.13,0.4667982246816843,48.31,0.2124294072245488,-0.0074,1.3,8125.81,1.3000000000000005,9040.33,36.36440458364068,9077.639948186528,2388.23,8.3795,0.0304551223028661,8.5535,2388.0,6.938893903907228e-18,4.814824860968091e-35,393.0,1.4190838693191568,398.0,0
56,0.03,0.0,0.03,0.0,0.0,0.0002,0.0071,0.0071,-0.0058,519.69,0.4809589951766408,48.21,0.183926812609511,0.0199999999999999,1.2999999999999998,8126.39,1.3,9041.14,25.648019753914536,9072.827709090909,2388.22,8.3705,0.0312923247263103,8.546,2388.03,0.0,0.0,394.0,1.3208361989523192,398.0,0
57,0.03,4.930380657631324e-32,0.0299999999999999,1.7763568394002505e-15,2.220446049250313e-16,-0.0003,0.0067,0.0067,-0.0051,518.94,0.7762496331681986,48.4,0.2598835585599891,-0.0044,1.2999999999999998,8108.19,1.3000000000000005,9031.44,6.04590524026161,9045.858321167882,2388.32,8.3731,0.0367402498897128,8.5533,2388.01,3.469446951953614e-18,1.2037062152420224e-35,393.0,1.3275042632185976,397.0,0
58,0.03,0.0,0.03,0.0,0.0,-0.0002,0.0055,0.005,-0.0055,519.55,0.6985199044556514,48.33,0.2480587969334732,-0.0335,1.3,8115.48,1.3,9039.32,6.261841487780187,9060.272108843536,2388.33,8.3835,0.0329288996032432,8.5322,2387.98,3.469446951953614e-18,1.2037062152420224e-35,393.0,1.490805112785526,397.0,0
59,0.03,1.972152263052529e-31,0.03,0.0,4.440892098500626e-16,0.0,0.0054,0.0045,-0.0054,518.99,0.835794738982776,48.41,0.2976646608100453,0.0221999999999999,1.3,8132.05,1.3000000000000005,9045.61,5.107063343566656,9058.94593073593,2388.28,8.3441,0.0388667422513115,8.5353,2387.93,6.938893903907228e-18,4.814824860968091e-35,392.0,1.7022512561950955,398.0,0
60,0.03,0.0,0.03,0.0,0.0,-0.0002,0.0052,0.0052,-0.0044,519.53,0.5464524553567195,48.26,0.2175240719476582,0.0090999999999999,1.2999999999999998,8130.02,1.3,9044.2,21.668961145678185,9069.39691860465,2388.23,8.3793,0.0328681192841715,8.5478,2387.98,3.469446951953614e-18,1.2037062152420224e-35,393.0,1.295911843745712,398.0,0
61,0.03,4.930380657631324e-32,0.03,1.7763568394002505e-15,2.220446049250313e-16,-0.0001,0.0075,0.0053,-0.0075,519.33,0.8497822451277767,48.25,0.3043410585385165,-0.0125999999999999,1.3,8109.39,1.3000000000000005,9034.33,7.466072893622548,9057.06291891892,2388.36,8.34,0.0403504144059503,8.5378,2387.92,3.469446951953614e-18,1.2037062152420224e-35,392.0,1.6158094037411737,397.0,0
62,0.03,4.930380657631324e-32,0.03,0.0,2.220446049250313e-16,-0.0003,0.0064,0.0064,-0.0051,519.49,0.549874606918099,48.29,0.1889311962423892,-0.0108,1.3,8116.48,1.3000000000000005,9037.02,5.1071930380979165,9054.82877777778,2388.37,8.4038,0.0310463891063551,8.5452,2388.05,3.469446951953614e-18,1.2037062152420224e-35,394.0,1.1647603473104098,397.0,0
63,0.0299999999999999,0.0,0.03,1.7763568394002505e-15,0.0,-0.0002,0.0062,0.0057,-0.0062,519.67,0.48697230926486,48.28,0.1982610106048763,-0.0312,1.2999999999999998,8130.93,1.3,9047.9,30.456889250720025,9079.661091954024,2388.18,8.3808,0.0318669046903864,8.537,2388.01,0.0,0.0,393.0,1.431992016812071,398.0,0
64,0.0299999999999999,0.0,0.03,1.7763568394002505e-15,0.0,0.0,0.0087,0.0087,-0.0053,519.15,0.6110876338488058,48.34,0.2311637875510546,-0.0122,1.3,8130.95,1.3,9046.98,14.053521455398863,9068.069116607776,2388.27,8.3796,0.0332783665574226,8.5458,2388.0,3.469446951953614e-18,1.2037062152420224e-35,393.0,1.3716347773976294,397.0,0
65,0.03,4.930380657631324e-32,0.03,1.7763568394002505e-15,2.220446049250313e-16,0.0002,0.0059,0.0054,-0.0059,519.53,0.7737016384226951,48.25,0.2776248252486513,0.0152,1.3,8109.49,1.3000000000000005,9030.23,7.8211143017155615,9055.983856209148,2388.35,8.361,0.0378485739036746,8.5321,2387.93,0.0,0.0,392.0,1.546162666958143,397.0,0
66,0.0299999999999999,1.972152263052529e-31,0.03,1.7763568394002505e-15,4.440892098500626e-16,0.0001,0.0058,0.0058,-0.0057,519.3,0.5348829815396895,48.31,0.1990921521077094,0.0018999999999999,1.3,8131.1,1.3000000000000005,9046.72,6.349177085402383,9063.40603960396,2388.27,8.4068,0.0291482031233331,8.5424,2388.03,6.938893903907228e-18,4.814824860968091e-35,394.0,1.224444681462966,397.0,0
67,0.03,0.0,0.03,1.7763568394002505e-15,0.0,-0.0002,0.0057,0.0055,-0.0057,519.24,0.650827258969591,48.28,0.2390957875392673,-0.0452,1.3,8134.47,1.3,9056.61,4.922878746936542,9067.853482428116,2388.3,8.3822,0.03539551238003,8.5668,2387.97,3.469446951953614e-18,1.2037062152420224e-35,393.0,1.4493246731447935,397.0,0
68,0.03,1.972152263052529e-31,0.03,1.7763568394002505e-15,4.440892098500626e-16,-0.0001,0.0068,0.0051,-0.0068,519.72,0.5198237799514135,48.41,0.2035076863401853,-0.0129999999999999,1.3,8135.14,1.3000000000000005,9055.42,25.54419642552853,9081.738844221103,2388.19,8.3828,0.0303924592415291,8.5409,2388.02,3.469446951953614e-18,1.2037062152420224e-35,393.0,1.3996395730945732,398.0,0
69,0.03,4.930380657631324e-32,0.03,1.7763568394002505e-15,2.220446049250313e-16,5e-05,0.0074,0.0074,-0.0068,518.69,0.7247403465696985,48.3,0.2506138673770005,0.0033999999999999,1.3,8124.27,1.3000000000000005,9045.07,4.278088378325836,9059.31226519337,2388.33,8.3668,0.0365089309162043,8.5572,2387.99,1.0408340855860844e-17,1.0833355937178202e-34,393.0,1.4565007177588642,397.0,0
70,0.03,4.930380657631324e-32,0.0299999999999999,1.7763568394002505e-15,2.220446049250313e-16,0.0,0.0062,0.0062,-0.0058,519.38,0.6532835379022088,48.21,0.2318162678377112,0.0295,1.2999999999999998,8131.34,1.3000000000000005,9049.3,12.210087265885727,9068.482335766425,2388.25,8.3876,0.034603534287993,8.5542,2388.02,3.469446951953614e-18,1.2037062152420224e-35,393.0,1.3670502024653393,398.0,0
71,0.03,4.930380657631324e-32,0.03,3.552713678800501e-15,2.220446049250313e-16,-5e-05,0.0065,0.0065,-0.0061,519.88,0.46221751928409,48.22,0.1975979786552462,-0.0273,1.3,8120.29,1.3000000000000005,9036.6,28.753699728462934,9067.711201923075,2388.19,8.3894,0.0306041786936574,8.5581,2388.04,1.0408340855860844e-17,1.0833355937178202e-34,393.0,1.3855498983111576,397.0,0
72,0.03,1.972152263052529e-31,0.03,0.0,4.440892098500626e-16,0.0001,0.0054,0.0054,-0.0051,519.32,0.7283935627234293,48.26,0.2546619437448867,0.0098,1.3,8099.94,1.3000000000000005,9024.27,6.170832349715362,9042.00427230047,2388.36,8.3464,0.0356363894908798,8.5523,2388.0,3.469446951953614e-18,1.2037062152420224e-35,393.0,1.386686300401698,397.0,0
73,0.03,1.972152263052529e-31,0.03,0.0,4.440892098500626e-16,0.0001,0.0055,0.0048,-0.0055,519.4,0.5517586054475675,48.33,0.1937742340715937,0.0116,1.3,8109.41,1.3000000000000005,9030.6,3.8361650874241633,9042.153474178403,2388.36,8.3994,0.0305503387578443,8.5534,2388.07,3.469446951953614e-18,1.2037062152420224e-35,394.0,1.2058509742537462,397.0,0
74,0.03,0.0,0.03,1.7763568394002505e-15,0.0,-0.0001,0.0057,0.0054,-0.0057,519.23,0.7497827454243298,48.22,0.2448912844132961,-0.0113,1.2999999999999998,8123.78,1.3,9049.12,5.581335209257862,9064.160542168676,2388.3,8.3573,0.0366964109771456,8.5342,2387.96,0.0,0.0,393.0,1.360805905712037,398.0,0
75,0.0299999999999999,1.972152263052529e-31,0.03,0.0,4.440892098500626e-16,0.0,0.0046,0.0042,-0.0046,519.17,0.6190961387256089,48.32,0.2148172486010461,0.0114999999999999,1.3,8104.78,1.3000000000000005,9023.85,5.510504736859382,9040.621615720524,2388.35,8.388,0.0305827675082801,8.5388,2388.03,6.938893903907228e-18,4.814824860968091e-35,394.0,1.375039762726159,398.0,0
76,0.03,4.930380657631324e-32,0.03,1.7763568394002505e-15,2.220446049250313e-16,0.0,0.0064,0.0064,-0.0055,519.38,0.5726530551232107,48.33,0.2141665541702765,-0.0203,1.3,8123.43,1.3000000000000005,9038.25,4.204571469828806,9053.552428571427,2388.32,8.3906,0.0294814083426908,8.535,2388.01,1.0408340855860844e-17,1.0833355937178202e-34,394.0,1.3172499353920082,398.0,0
77,0.03,0.0,0.03,1.7763568394002505e-15,0.0,-0.0002,0.0061,0.0061,-0.0054,519.19,0.6308916338551388,48.29,0.21505376915929,-0.0342,1.3,8122.49,1.3,9037.91,9.003133055281255,9053.933181818182,2388.28,8.3685,0.0313354818914093,8.53,2388.05,3.469446951953614e-18,1.2037062152420224e-35,393.0,1.3776184837587386,399.0,0
78,0.03,1.972152263052529e-31,0.03,0.0,4.440892098500626e-16,0.0002,0.0069,0.0069,-0.006,519.11,0.7869710126487135,48.33,0.2971556281880002,0.0402999999999999,1.3,8130.33,1.3000000000000005,9048.37,10.431971823198731,9064.68463203463,2388.28,8.3249,0.042368277663761,8.5678,2387.92,6.938893903907228e-18,4.814824860968091e-35,392.0,1.574175029493725,397.0,0
79,0.03,1.972152263052529e-31,0.03,1.7763568394002505e-15,4.440892098500626e-16,-0.0001,0.0057,0.0057,-0.0055,519.62,0.7700985268896783,48.2,0.290208649206464,-0.0361999999999999,1.3,8133.22,1.3000000000000005,9044.98,12.16053447539644,9065.744623115575,2388.22,8.3477,0.0392145643675136,8.5273,2387.95,3.469446951953614e-18,1.2037062152420224e-35,392.0,1.5922909660113638,397.0,0
80,0.03,4.930380657631324e-32,0.03,1.7763568394002505e-15,2.220446049250313e-16,0.0,0.0064,0.0063,-0.0064,519.67,0.4633354980829614,48.41,0.1840824600058666,-0.0078,1.3,8123.64,1.3000000000000005,9039.34,28.523152260746013,9075.077405405404,2388.21,8.3979,0.0290922570407046,8.5493,2388.05,3.469446951953614e-18,1.2037062152420224e-35,394.0,1.329773675388969,398.0,0
81,0.03,4.930380657631324e-32,0.03,3.552713678800501e-15,2.220446049250313e-16,0.0004,0.0068,0.0068,-0.0067,519.09,0.6890715359069912,48.43,0.2298296319498906,0.0839999999999999,1.3,8127.27,1.3000000000000005,9046.41,4.253467356822632,9059.772666666666,2388.28,8.3741,0.03450129933141,8.5477,2388.0,1.3877787807814457e-17,1.9259299443872363e-34,393.0,1.4702548437449732,398.0,0
82,0.03,1.972152263052529e-31,0.03,0.0,4.440892098500626e-16,0.0,0.0072,0.0072,-0.0046,520.01,0.6142873510743454,48.3,0.2647820409629878,-0.0033999999999999,1.3,8135.09,1.3000000000000005,9053.32,35.24322574823009,9087.531214953273,2388.19,8.3547,0.0394685941285259,8.5441,2387.91,3.469446951953614e-18,1.2037062152420224e-35,392.0,1.7001641471773736,399.0,0
83,0.03,4.930380657631324e-32,0.0299999999999999,0.0,2.220446049250313e-16,-0.0003,0.0087,0.0049,-0.0087,519.19,0.8510034613145689,48.31,0.2859072704620424,-0.0788999999999999,1.3,8115.28,1.2999999999999998,9042.97,4.556053843604144,9055.759419795222,2388.33,8.3358,0.0393441785863659,8.5557,2387.94,3.469446951953614e-18,1.2037062152420224e-35,392.0,1.5802453204685711,398.0,0
84,0.03,0.0,0.03,0.0,0.0,-0.0002,0.0069,0.0069,-0.005,519.23,0.5277649676442482,48.29,0.1809100965030273,-0.0514999999999999,1.3,8121.0,1.3,9038.84,9.074703490013563,9055.43779026217,2388.32,8.3967,0.0283996624708606,8.5567,2388.06,6.938893903907228e-18,4.814824860968091e-35,394.0,1.1806251026413324,397.0,0
85,0.0299999999999999,4.930380657631324e-32,0.03,0.0,2.220446049250313e-16,0.0,0.0074,0.0057,-0.0074,518.83,0.6572878926404109,48.35,0.2294918992071837,0.0003,1.3,8122.3,1.3000000000000005,9037.75,4.989279193392974,9050.645212765956,2388.3,8.3745,0.0324810019123621,8.5517,2388.02,3.469446951953614e-18,1.2037062152420224e-35,393.0,1.390609065032989,397.0,0
86,0.03,4.930380657631324e-32,0.03,0.0,2.220446049250313e-16,-0.0001,0.0078,0.0052,-0.0078,519.13,0.6691989741201095,48.28,0.2311044898605034,-0.0382,1.2999999999999998,8131.53,1.2999999999999998,9049.14,7.329186301284163,9065.968273381295,2388.27,8.3744,0.0335806090470344,8.5513,2387.98,0.0,0.0,393.0,1.4106591054706354,398.0,0
87,0.03,4.930380657631324e-32,0.03,1.7763568394002505e-15,2.220446049250313e-16,0.0,0.0062,0.0062,-0.0051,519.65,0.6585880104658409,48.34,0.2289173566314938,-0.0088,1.3,8121.0,1.3000000000000005,9043.85,5.596540567220045,9061.06073033708,2388.31,8.3738,0.0338749189492977,8.5638,2388.0,6.938893903907228e-18,4.814824860968091e-35,393.0,1.4101123595505618,397.0,0
88,0.03,1.972152263052529e-31,0.03,0.0,4.440892098500626e-16,0.0,0.0059,0.0059,-0.0057,519.63,0.6106454107523128,48.4,0.2326428130867169,0.0167999999999999,1.3,8138.74,1.3000000000000005,9057.24,21.798003249457015,9081.514319248825,2388.23,8.3677,0.0342828083833446,8.5536,2387.96,3.469446951953614e-18,1.2037062152420224e-35,393.0,1.626745320335877,398.0,0
89,0.03,0.0,0.03,3.552713678800501e-15,0.0,-0.0002,0.0064,0.006,-0.0064,519.49,0.7515507861551303,48.39,0.2665207203951806,-0.0486999999999999,1.3,8125.36,1.3,9037.21,10.167608442971977,9055.381105990784,2388.27,8.3523,0.0375283450421534,8.5577,2387.96,6.938893903907228e-18,4.814824860968091e-35,392.0,1.5501142441006208,397.0,0
90,0.03,0.0,0.03,1.7763568394002505e-15,0.0,-5e-05,0.0062,0.0062,-0.0058,519.31,0.7830154814710311,48.4,0.2800505941808777,-0.0003,1.3,8104.46,1.3,9032.34,6.728957106235849,9051.968051948052,2388.36,8.358,0.0377397408148018,8.5637,2387.96,3.469446951953614e-18,1.2037062152420224e-35,392.0,1.4572678604622111,397.0,0
91,0.0299999999999999,0.0,0.0299999999999999,1.7763568394002505e-15,0.0,-0.0002,0.0059,0.0059,-0.0048,519.06,0.5554277186252835,48.31,0.1964291095070396,-0.0269,1.2999999999999998,8115.44,1.3,9041.59,4.676604476765036,9052.720444444449,2388.33,8.399,0.0290561787247574,8.5671,2388.07,6.938893903907228e-18,4.814824860968091e-35,394.0,1.1409812156344763,397.0,0
92,0.03,4.930380657631324e-32,0.03,1.7763568394002505e-15,2.220446049250313e-16,0.0,0.0081,0.0062,-0.0081,519.66,0.619925678908153,48.19,0.2322721158994884,-0.0162999999999999,1.3,8125.32,1.3000000000000005,9045.77,21.36676096010093,9071.81275659824,2388.22,8.3621,0.0350497749845036,8.5542,2387.98,3.469446951953614e-18,1.2037062152420224e-35,393.0,1.4916802147834072,397.0,0
93,0.03,0.0,0.03,0.0,0.0,0.0,0.0064,0.0064,-0.0058,519.2,0.7555687233690991,48.2,0.2702836525977892,-0.0394999999999999,1.3,8129.98,1.3,9049.76,4.764237891716316,9063.142387096774,2388.29,8.3365,0.0382223433520439,8.5313,2387.96,3.469446951953614e-18,1.2037062152420224e-35,393.0,1.5868344918341375,397.0,0
94,0.03,0.0,0.03,3.552713678800501e-15,0.0,-0.0003,0.0058,0.0053,-0.0058,519.57,0.4480614589197441,48.32,0.1793467479332456,-0.0677,1.3,8118.88,1.3,9035.75,27.704963874066376,9066.583682170542,2388.22,8.4023,0.0298016913377772,8.5452,2388.05,1.0408340855860844e-17,1.0833355937178202e-34,394.0,1.2846717820692464,397.0,0
95,0.0299999999999999,0.0,0.03,1.7763568394002505e-15,0.0,0.0,0.006,0.006,-0.0055,519.27,0.7371985223816508,48.34,0.2809844890471141,0.0091,1.3,8144.55,1.3,9060.76,13.386950348507526,9078.871307420495,2388.23,8.3495,0.0393450814090265,8.5648,2387.91,3.469446951953614e-18,1.2037062152420224e-35,392.0,1.6105633394480978,397.0,0
96,0.03,4.930380657631324e-32,0.03,1.7763568394002505e-15,2.220446049250313e-16,-0.0001,0.0053,0.0049,-0.0053,519.14,0.7062036957057881,48.26,0.2604643289716784,-0.0402999999999999,1.2999999999999998,8126.15,1.3000000000000005,9044.22,6.983793156810066,9057.228422619048,2388.28,8.3556,0.0359167184170279,8.5615,2387.96,6.938893903907228e-18,4.814824860968091e-35,393.0,1.5108000041350051,398.0,0
97,0.0299999999999999,1.972152263052529e-31,0.03,1.7763568394002505e-15,4.440892098500626e-16,0.0,0.0054,0.005,-0.0054,519.91,0.5328082225339682,48.18,0.2081167157999407,-0.0119999999999999,1.3,8122.81,1.3000000000000005,9038.27,40.33637085878502,9076.26910891089,2388.17,8.3646,0.0339576428754398,8.5596,2387.97,6.938893903907228e-18,4.814824860968091e-35,393.0,1.557605435492952,400.0,0
98,0.0299999999999999,0.0,0.03,0.0,0.0,0.0002,0.0077,0.0077,-0.005,519.44,0.772223566411973,48.29,0.2961331994134934,0.0419999999999999,1.3,8122.22,1.3,9055.47,5.024327292233304,9066.985064102564,2388.3,8.3717,0.03565274807223,8.5308,2387.94,0.0,0.0,392.0,1.4031727690684987,396.0,0
99,0.03,4.930380657631324e-32,0.03,1.7763568394002505e-15,2.220446049250313e-16,-0.0001,0.0059,0.0059,-0.0049,519.32,0.7603535681349811,48.48,0.2729922925997102,-0.0343,1.3,8123.55,1.3000000000000005,9044.04,3.932840838456159,9056.732486486486,2388.33,8.3689,0.0377476557198559,8.5592,2387.97,3.469446951953614e-18,1.2037062152420224e-35,393.0,1.4723554371264904,397.0,0
100,0.03,4.930380657631324e-32,0.03,3.552713678800501e-15,2.220446049250313e-16,-0.00015,0.0056,0.0056,-0.0052,519.3,0.6634765331193014,48.39,0.246775687619344,-0.0296,1.3,8134.58,1.3000000000000005,9046.8,4.716921881905674,9064.0586,2388.28,8.365,0.0350537431346496,8.5646,2388.0,1.0408340855860844e-17,1.0833355937178202e-34,393.0,1.402060982981839,398.0,0
